{
  "currency": "EUR",
  "vat_rate": 0.23,
  "min_order": 25.0,
  "weight_services": [
    {
      "code": "WDF",
      "name": "Wash/Dry/Fold",
      "price_per_kg": 3.5
    }
  ],
  "dry_cleaning": [
    {
      "code": "DRESS",
      "name": "Dress",
      "price": 19.6,
      "unit": "item"
    },
    {
      "code": "SUIT2",
      "name": "2-Piece Suit",
      "price": 15.4,
      "unit": "item"
    },
    {
      "code": "SUIT3",
      "name": "3-Piece Suit",
      "price": 22.4,
      "unit": "item"
    },
    {
      "code": "WAIST",
      "name": "Waistcoat",
      "price": 5.6,
      "unit": "item"
    },
    {
      "code": "BLOUSE",
      "name": "Blouse",
      "price": 8.4,
      "unit": "item"
    },
    {
      "code": "TSHIRT",
      "name": "T-Shirt",
      "price": 1.75,
      "unit": "item"
    },
    {
      "code": "SHIRT",
      "name": "Shirt",
      "price": 2.8,
      "unit": "item"
    },
    {
      "code": "JUMPER",
      "name": "Jumper/Cardigan",
      "price": 8.4,
      "unit": "item"
    },
    {
      "code": "TIE",
      "name": "Tie",
      "price": 7.0,
      "unit": "item"
    },
    {
      "code": "TROUS",
      "name": "Trousers",
      "price": 8.4,
      "unit": "item"
    },
    {
      "code": "SKIRT",
      "name": "Skirt",
      "price": 8.4,
      "unit": "item"
    },
    {
      "code": "SHORTS",
      "name": "Shorts",
      "price": 5.6,
      "unit": "item"
    },
    {
      "code": "JACKET",
      "name": "Jacket",
      "price": 9.8,
      "unit": "item"
    },
    {
      "code": "COAT",
      "name": "Coat",
      "price": 19.6,
      "unit": "item"
    },
    {
      "code": "PJS1",
      "name": "Pyjamas (1 Piece)",
      "price": 4.2,
      "unit": "item"
    },
    {
      "code": "PJS2",
      "name": "Pyjamas (2 Piece)",
      "price": 8.4,
      "unit": "item"
    }
  ]
}